player,stat1,stat2,stat3,stat4,stat5,stat6,stat7,stat8,stat9,stat10,stat11,stat12,stat13,stat14,stat15,stat16,stat17,stat18,stat19,stat20,stat21,stat22,stat23,stat24,stat25,stat26,stat27,stat28,stat29,stat30,stat31,stat32,stat33,stat34,stat35,stat36,stat37,stat38,stat39,stat40,stat41,stat42,stat43,stat44,stat45,stat46,stat47,stat48,stat49,stat50,stat51,stat52,stat53,stat54,stat55,stat56,stat57,stat58,stat59,stat60,stat61,stat62,stat63,stat64,stat65,stat66,stat67,stat68,stat69,stat70,stat71,stat72,stat73,stat74,stat75,stat76,stat77,stat78,stat79,stat80,stat81,stat82,stat83,stat84,stat85,stat86,stat87,stat88,stat89,stat90,stat91,stat92,stat93,stat94,stat95,stat96,stat97,stat98,stat99,stat100,stat101,stat102,stat103,stat104,stat105,stat106,stat107,stat108,stat109,stat110,stat111,stat112,stat113,stat114,stat115,stat116,stat117,stat118,stat119,stat120,stat121,stat122,stat123,stat124,stat125,stat126,stat127
gr_player1,0,"0,5517557252",,"0,2273761375","0,08915906788",,"0,6253299894",,"0,08015267176",,"0,6806818182","0,1134168157","0,08015393803","0,1607680105","0,1104061419","0,1335102771","0,05395683453",,"0,426225821","0,6824512535",,"0,7304083185","0,2066849817","0,5899753492","0,3888888889",,"0,0001672660366",,,"0,5899223035",,"0,1532988357","0,1283708388",,"0,5224082073","0,1233113959","0,1173380035","0,0003430384632","0,1294981791","0,168997669","0,3767246551","0,09697601668","0,3803804499","0,09575923393","0,1381916329","0,482647585","0,2994060475","0,2586529835","0,4131054131","0,7440785673","0,2388715263",,"0,25","2,712823898","0,1960148285","0,09637883008","0,6121696374","0,04505651966","0,1180424082","0,04677846425","0,6628468034",,"0,1069124424","0,4348080622",0,"0,4373716632",,"0,2295660111","0,6963119654","0,2664395735","0,7091773824","0,5600393701","0,7189233279","0,5843020156","0,4911616816","0,488301119","0,3494739224","0,2066849817","0,4144144144","0,1856457071","0,136",0,,,,,"0,4857630979","0,3072","0,4388802488","0,08100254268",,,"0,4039355993","0,4476330848","0,1962132126","0,1228070175",0,"0,2752169004","0,05998274832","0,1781857451",,"0,043713936","0,6872675563","0,3950267789",,"0,1856457071","0,8481512504",,"0,07895847994","0,4374218272","0,252265935",,"0,546556311",,"0,5468516542",,"0,3073639274","0,4509823987","0,2050618526","0,3261494253","0,2554658495","0,2942822172","0,002488335925",,"0,2658983951",,
gr_player2,0,"0,559531555",,"0,1971485513","0,1099873578",,"0,6856240126",,"0,1202185792",,"0,7322834646","0,0777262181","0,07105307784","0,1713872105","0,1013230859","0,1086507234","0,04108967083",,"0,4784503124","0,6617647059",,"0,7100229533","0,2274614472","0,5692307692","0,3460076046",,0,,,"0,6059192302",,"0,1824817518","0,1252786447",,"0,5205479452","0,07371654234","0,1277756136","0,001015125368","0,1034839091","0,2234485254","0,3595534128","0,08263535101","0,4006716397","0,08419380461","0,1690789474","0,3839907193","0,2671232877","0,2644350241","0,4023121387","0,7381909548","0,2624830713",,"0,6666666667","4,271126761","0,2314901593","0,09683161267","0,5796897038","0,03389170238","0,1198637911","0,057997558","0,6521095485","0,5","0,08064516129","0,3992172211","0,0003954132068","0,4075949367",,"0,3209261195","0,7429925804","0,2431921331","0,7892046616","0,6441717791","0,6913968548","0,6203545857","0,5582506431","0,4736627195","0,3480978049","0,2274614472","0,3251633987","0,2255273941","0,07476635514","0,0008448690453",,,,,"0,5153725899","0,3364485981","0,4728186386","0,05309734513",,,"0,5382830626","0,4510037982","0,2251367879","0,1339285714",0,"0,279870064","0,05222994743","0,2123287671",,"0,07501662335","0,7463312369","0,3863530724",,"0,2255273941","0,8617200675",,"0,08780667773","0,4721528431","0,2550797942",,"0,5427030267",,"0,5197271386",,"0,285152409","0,4384606359","0,2236206795","0,3253012048","0,274218271","0,2893066554","0,01370488808",,"0,2510243837",,
gr_player3,"0,00001295991498","0,5424884344",,"0,1939196625","0,0797321972",,"0,6196115243",,"0,07253269917",,"0,6456949715","0,09883542752","0,08278410501","0,1756775187","0,1008665229","0,1614881122","0,08372040331",,"0,4079844052","0,6251748252",,"0,7318262411","0,2103920568","0,5988677719","0,3611793612",,"0,00004112180278",,,"0,5809519692",,"0,190028222","0,1081272744",,"0,5748656258","0,1137414046","0,1139232635","0,0004730368969","0,1189040954","0,1944681305","0,3694444444","0,09525389498","0,35952097","0,08811681772","0,1494034973","0,4345694146","0,2541592014","0,2524379854","0,3961352657","0,7181248134","0,2418633003",,"0,6666666667","2,887455102","0,1578378378","0,09939914163","0,600669413","0,05124059449","0,08723235527","0,05846579129","0,6249003984",,"0,09343794579","0,3978123201","0,0003371814839","0,4490851233",,"0,2421930992","0,6607979214","0,2328872735","0,6786363943","0,6314285714","0,7069932133","0,5735917866","0,4760082099","0,4973041357","0,3312643239","0,2103920568","0,3096821877","0,1993781968","0,1086206897","0,000330838913",,,,,"0,4792062487","0,3310344828","0,4227172941","0,08809556129",,,"0,4665951578","0,4297821985","0,2040482519","0,1896272285",0,"0,266008735","0,06069547473","0,1709751728",,"0,07175434321","0,6437724471","0,3749651208",,"0,1993781968","0,8458991636",,"0,08273944029","0,4193919252","0,267848882",,"0,5339287786",,"0,517398196",,"0,3115447032","0,4438680993","0,1973621459","0,3232399697","0,256494126","0,3036590885","0,005041060249",,"0,2589038728",,
gr_player4,0,"0,560295324",,"0,228995578","0,07828282828",,"0,6261450085",,"0,0495049505",,"0,6300383877","0,1238938053","0,07406598208","0,1875","0,09174544762","0,1807654563","0,09138785626",,"0,4208933417","0,6037735849",,"0,7194419169","0,1991676576","0,5664739884","0,3953488372",,0,,,"0,6176808266",,"0,1531914894","0,09994231324",,"0,5316117542","0,1070110701","0,1005265677","0,0005023289798","0,1050049068","0,1920383339","0,3473466575","0,08530644613","0,3845297718","0,1305841924","0,1464237517","0,4051130777","0,3410507569","0,2502257903","0,3619909502","0,7134703196","0,251173497",,,"3,310972688","0,1087289433","0,08104487609","0,5778175313","0,06414552417","0,08364312268","0,0548712206","0,6706081081",,"0,1279069767","0,412050257",0,"0,4366197183",,"0,2790924616","0,714041514","0,2741020794","0,739439962","0,6108695652","0,6915701159","0,5938466827","0,4969808996","0,4891730254","0,3432907502","0,1991676576","0,3659793814","0,1963944857","0,1155015198",0,,,,,"0,5362731152","0,3039513678","0,4456300813","0,09686346863",,0,"0,470993117","0,470794137","0,1985904858","0,07142857143",0,"0,2677870125","0,07821717282","0,1273374889",,"0,07611500184","0,7141969556","0,4121026427",,"0,1963944857","0,8456669912",,"0,07145334721","0,4507207619","0,2773410564",,"0,5546751189",,"0,5271039604",,"0,2935643564","0,4394516375","0,2012773064","0,3118811881","0,2537947784","0,2926649466","0,005589430894",,"0,2446297343",,
gr_player5,"0,0001018675722","0,5929270128",,"0,2317275748","0,05774278215",,"0,5973337373",,"0,05813953488",,"0,612568306","0,100591716","0,07811279488","0,1680621284","0,09669822656","0,1854684512","0,1161320534",,"0,391597974","0,61352657",,"0,7105855856","0,1959809853","0,5580736544","0,3714285714",,"0,000193236715",,,"0,6356356356",,"0,1947626841","0,09632446134",,"0,5120481928","0,09427374302","0,1032845271","0,0009168081494","0,1275187528","0,1791869919","0,4062111801","0,09696569921","0,3728036669","0,1251908397","0,1332414879","0,4884944116","0,327978581","0,2568426563","0,3842105263","0,7238095238","0,2552245932",,,"2,84714119","0,1359003398","0,1013465627","0,6602941176","0,07835377918","0,07047529852","0,04595185996","0,6744525547",,"0,1061643836","0,4235748792","0,00009090909091","0,441011236",,"0,2722161949","0,6970202622","0,2734400523","0,700143472","0,592476489","0,6993058093","0,5854126679","0,4540534316","0,465768592","0,3611646613","0,1959809853","0,4268292683","0,1823506443","0,0821529745","0,00008898380495",,,,,"0,514619883","0,3456090652","0,4892830746","0,07885085575",,,"0,4109138725","0,4813340913","0,1884271539","0,1724137931",0,"0,2782003396","0,09248554913","0,1599732262",,"0,07535563245","0,692286115","0,4266039637",,"0,1823506443","0,815354441",,"0,07593123209","0,4300317237","0,2943093215",,"0,5872434018",,"0,540113261",,"0,2977819726","0,4265656341","0,2024461013","0,3222222222","0,2676626641","0,2960399846","0,00480413895",,"0,2558823529",,
gr_player6,0,"0,5194779514",,"0,1834441981","0,1078539823",,"0,6218037873",,"0,1180124224",,"0,6485102421","0,0984278879","0,06860448089","0,1997650178","0,09471518256","0,174787573","0,08474411364",,"0,4265375018","0,6417322835",,"0,724120639","0,2216625808","0,6361416361","0,3502415459",,0,,,"0,5470721679",,"0,1397637795","0,1112786916",,"0,559446484","0,09327701514","0,1171752123","0,000719058034","0,1024296336","0,2120048857","0,3226962655","0,08140855736","0,3591899866","0,09318637275","0,1723275128","0,4070403281","0,293702344","0,2564972299","0,3852978454","0,734347478","0,2570323279",,"0,1666666667","3,004784169","0,1522062469","0,1060338744","0,5575757576","0,05882352941","0,1011870014","0,06900389538","0,6114329857",,"0,09238451935","0,400254399",0,"0,4371704745",,"0,2719962498","0,70483546","0,2236036036","0,7442222222","0,6501457726","0,7080991431","0,5624872786","0,5091248869","0,493578788","0,3376266529","0,2216625808","0,2395470383","0,2050754003","0,1057401813","0,0001528864971",,,,,"0,4694716862","0,3459214502","0,4342349783","0,07634543179",,0,"0,494531784","0,400010367","0,2084280789","0,1306122449",0,"0,2693920964","0,07599941426","0,146851172",,"0,05071804059","0,688978749","0,3425362866",,"0,2050754003","0,8608640407",,"0,0952999221","0,4275282724","0,2820532946",,"0,5066715409",,"0,4952796998",,"0,2963527618","0,4568422304","0,2115738815","0,2808798646","0,2662757784","0,27764236","0,009911212059",,"0,256774366",,
gr_player7,"0,00009929993546","0,5405189621",,"0,2184195065","0,08677248677",,"0,5986529925",,"0,1212121212",,"0,6236897275","0,1210992082","0,08007289099","0,1904610896","0,1046405249","0,1908755116","0,08541392904",,"0,4004505196","0,579787234",,"0,7259671747","0,227901383","0,6214788732","0,3115942029",,"0,0001601024656",,,"0,5618477807",,"0,1423804227","0,1144329149",,"0,5622958469","0,1088652482","0,1204584248","0,001365374113","0,1200958371","0,1850280088","0,3663755459","0,09710905235","0,355663922","0,1217391304","0,1506191289","0,427107592","0,307979468","0,2707024403","0,3409090909","0,7318077803","0,2650202023",,0,"2,654006761","0,1205787781","0,1127336449","0,5720064725","0,06071689832","0,1035187619","0,06177042802","0,604379562",,"0,1121076233","0,4237912264",0,"0,4365530303",,"0,2791983864","0,6852497096","0,2600559636","0,7194295067","0,6476608187","0,7068642161","0,558919598","0,473200242","0,4976893711","0,3613249111","0,227901383","0,2675438596","0,2118696568","0,1359703337",0,,,,,"0,4904051173","0,3213844252","0,4882702534","0,06686046512",,,"0,4517931998","0,4130946292","0,2190304048","0,0987654321",0,"0,2879698128","0,07728588273","0,129724685",,"0,07522996058","0,6694163424","0,360986948",,"0,2118696568","0,8356807512",,"0,09373598445","0,4167941792","0,2961913069",,"0,5285660235",,"0,5099317194",,"0,3075108628","0,4558538945","0,2127453559","0,2702702703","0,2766070668","0,308804205","0,0150140757",,"0,2641020251",,
gr_player8,0,"0,5215011728",,"0,1743642968","0,09339774557",,"0,5788730405",,"0,1126760563",,"0,6631427198","0,08753861998","0,08001616488","0,202259887","0,1047434315","0,1599779087","0,06432909994",,"0,3699458484","0,5753424658",,"0,7041644132","0,2352862493","0,6713483146","0,3070175439",,0,,,"0,540621118",,"0,1332082552","0,1263669502",,"0,619379845","0,08131067961","0,1339441536","0,001189741782","0,1080633284","0,2112201104","0,4051246537","0,08806995628","0,3263340849","0,07958921694","0,1720045215","0,4284243048","0,2542635659","0,2802357032","0,3583617747","0,7239010989","0,2680388134",,,"2,573916265","0,1215323646","0,09908998989","0,5538461538","0,0497382199","0,1154058531","0,06942277691","0,5980861244",,"0,08896210873","0,4478285392",0,"0,418079096",,"0,2883071553","0,6046065259","0,2123222749","0,6520217729","0,5604719764","0,6841766033","0,5328271207","0,4412271259","0,4722668093","0,3799944118","0,2352862493","0,2964426877","0,2086055418","0,08516483516","0,0006572152849",,,,,"0,4602960969","0,3351648352","0,4969849246","0,06642066421",,,"0,4840370752","0,3999264841","0,2226823096","0,1008403361",0,"0,2992420904","0,07031723581","0,1263565891",,"0,06945635397","0,558337773","0,3424614416",,"0,2086055418","0,8505473584",,"0,08923688789","0,3881873044","0,2752389682",,"0,503948313",,"0,4865373961",,"0,2967313019","0,439910678","0,224181414","0,3534883721","0,2889828879","0,3220716858","0,0135678392",,"0,2654664089",,
gr_player9,0,"0,6053518982",,"0,2449888641","0,05655004068",,"0,6452377949",,"0,08169440242",,"0,6740062675","0,09734629532","0,08667641301","0,1530367944","0,1048438829","0,1276706855","0,1047131896",,"0,4473246926","0,6221765914",,"0,6962665477","0,2056621699","0,5952121872","0,4117647059",,"0,0002691880615",,,"0,6365768378",,"0,1655755592","0,1083698409",,"0,5226558995","0,09852287394","0,119820693","0,0004978349966","0,1358218105","0,1754509507","0,3915411727","0,1022733124","0,4048475952","0,1313465784","0,13033127","0,4700472937","0,3349035442","0,2568788083","0,4430255403","0,7618931447","0,2390934672",,"0,5","3,159627329","0,1262857143","0,08814964158","0,6375555086","0,0531863339","0,07058823529","0,04432624113","0,740924913",,"0,09430390638","0,413371917","0,0001075417492","0,4232065479",,"0,2417514446","0,7183536299","0,2883197728","0,7329738514","0,619913185","0,6926923309","0,6134582144","0,512669393","0,459988863","0,3506335846","0,2056621699","0,4014752371","0,1884996419","0,1071626874","0,0001509023963",,,,,"0,5620777027","0,3014991671","0,4616771867","0,1131251654",,,"0,4326064109","0,4889624001","0,1951926009","0,1538461538",0,"0,2752853868","0,06598607429","0,1424405563",,"0,07308276386","0,7107830661","0,4344372017",,"0,1884996419","0,8313552918",,"0,06954260191","0,4637239312","0,2447858886",,"0,5997886952",,"0,5540914536",,"0,2900367632","0,433510538","0,1980378736","0,2977777778","0,2636312944","0,3080865604","0,00367126111",,"0,2599475493",,
gr_player10,"0,00006550933508","0,5397196262",,"0,1847826087","0,1067961165",,"0,6005302696",,"0,09574468085",,"0,6526592252","0,08263473054","0,07327586207","0,1902848795","0,102150058","0,1684828164","0,06752278376",,"0,402189997","0,7162162162",,"0,7046979866","0,2206255283","0,6623931624","0,3095238095",,0,,,"0,56400818",,"0,1401869159","0,1263093038",,"0,5","0,09054325956","0,1225761773","0,0009171306911","0,1061749092","0,2225077081","0,3440197287","0,08360940211","0,352950359","0,09745762712","0,1516978737","0,4359281437","0,3542713568","0,2650567979","0,367816092","0,785915493","0,2580986381",,0,"2,694874851","0,1494736842","0,08219178082","0,5672371638","0,05886426593","0,1168185584","0,04591104735","0,6622516556",,"0,08390410959","0,422439439",0,"0,4381625442",,"0,2861589161","0,7023082145","0,2276379218","0,7102681491","0,6541666667","0,6871961102","0,5546424629","0,4755073478","0,4715568862","0,3582611127","0,2206255283","0,3618421053","0,1987466428","0,0796812749",0,,,,,"0,4969325153","0,3625498008","0,4566246057","0,05494505495",,,"0,4814371257","0,4209401709","0,2074516187","0,1632653061",0,"0,2809695382","0,09236453202","0,1457286432",,"0,0962815405","0,6757602862","0,3673415024",,"0,1987466428","0,8325612177",,"0,07471526196","0,4164287688","0,2685796862",,"0,5289532294",,"0,5127838369",,"0,2816020025","0,439681991","0,2078870818","0,2937853107","0,2802151146","0,2782204515","0,01104100946",,"0,2494606786",,
gr_player11,"0,0001177925673","0,5078299776",,"0,1664564943","0,05521472393",,"0,6056622851",,"0,03092783505",,"0,7004608295","0,08173690932","0,07964362851","0,1938408896","0,09360730594","0,1348837209","0,08679386457",,"0,418004187","0,6597938144",,"0,728358209","0,2147688839","0,6041666667","0,3142857143",,"0,0003832886163",,,"0,5533254624",,"0,144200627","0,10208901",,"0,5305623472","0,07831325301","0,1074278699","0,001060133106","0,1011015912","0,2078763709","0,3665659617","0,0871438499","0,3552806992","0,09467455621","0,1558993024","0,4559386973","0,3545232274","0,2481246394","0,4021164021","0,7543859649","0,2432630346",,,"2,625615764","0,09619238477","0,08099438653","0,5513126492","0,06138735421","0,08941264497","0,06030150754","0,6108695652",,"0,06603773585","0,3947872748","0,0001487652484","0,4196185286",,"0,2769354839","0,7064131486","0,2018348624","0,7597617472","0,6312292359","0,7169910573","0,552140884","0,4965185676","0,4845390071","0,3319470699","0,2147688839","0,2919254658","0,1967035936","0,1146245059","0,0004373177843",,,,,"0,4588235294","0,3754940711","0,4674384949","0,07745504841",,,"0,4623243934","0,4082462253","0,2008058018","0,1568627451",0,"0,2659756169","0,07019438445","0,1149144254",,"0,0960467706","0,6913632515","0,3552299141",,"0,1967035936","0,8328496808",,"0,06893755069","0,419391502","0,2451914435",,"0,5005382131",,"0,5123053742",,"0,2859534572","0,4502808061","0,1970123023","0,2067039106","0,2429006085","0,2772828508","0,01230101302",,"0,2509204713",,
gr_player12,"0,00002982314873","0,5486018642",,"0,2315400844","0,1046511628",,"0,6255097736",,"0,09836065574",,"0,6241220635","0,1111111111","0,08523028057","0,1459537572","0,110426995","0,1626908999","0,08158553011",,"0,4092749356","0,6712962963",,"0,7194771242","0,2055409228","0,5986394558","0,4571428571",,0,,,"0,6206581353",,"0,1626666667","0,1212852897",,"0,5269186712","0,1438263229","0,1211356467","0,0003877009335","0,1340401363","0,1724554515","0,4324631101","0,102218478","0,3796261329","0,1647398844","0,1430346051","0,5164609053","0,3178694158","0,2520032706","0,3480392157","0,7411167513","0,2384858637",,,"2,953360264","0,1495983936","0,1010575793","0,5930232558","0,03880126183","0,0992880508","0,05338417541","0,7447744774",,"0,1042780749","0,3784728289","0,0000786410821","0,4333333333",,"0,2227643644","0,6568722211","0,2725861534","0,6445643793","0,6217948718","0,7083062946","0,5976960238","0,4655154369","0,4596626023","0,3294846353","0,2055409228","0,3980582524","0,197730711","0,1339285714","0,0001541901164",,,,,"0,499344692","0,3422619048","0,4103518268","0,05894736842",,,"0,3724279835","0,4749912557","0,202797803","0,1548387097",0,"0,2659628404","0,04804129169","0,1552119129",,"0,06608357629","0,6417331813","0,4163090129",,"0,197730711","0,8594581519",,"0,08628519528","0,4348437331","0,2788433166",,"0,5465191932",,"0,552850806",,"0,2977388294","0,4245429794","0,199207865","0,3626062323","0,2641509434","0,3164885002","0,004397834912",,"0,2613745211",,
gr_player13,"0,00001925298421","0,5985221675",,"0,2384926327","0,04879482657",,"0,5614316638",,"0,03947368421",,"0,6224652924","0,09366269666","0,05059157797","0,1880334148","0,07231190289","0,2168236985","0,1209759607",,"0,3640521769","0,6761363636",,"0,704351447","0,1967198205","0,5377019749","0,4257425743",,0,,,"0,5963075398",,"0,1715830875","0,08182352941",,"0,4646778537","0,1021643711","0,07512108333","0,0005968425106","0,08767167039","0,1750901143","0,3451925904","0,06509929646","0,3494103715","0,1096730245","0,1423987554","0,4589031025","0,3890615289","0,2384470276","0,3560042508","0,7372184483","0,2423158939",,0,"2,504952246","0,1278195489","0,05823885697","0,615720524","0,1120885638","0,07631436964","0,04083665339","0,6314699793",,"0,08159934721","0,3665237046",0,"0,4597839136",,"0,261274025","0,6869553908","0,2801991574","0,7106715112","0,6595744681","0,6948084677","0,5545310389","0,4287465086","0,4733454596","0,3242930768","0,1967198205","0,3558926488","0,1857489633","0,1248025276",0,,,,,"0,5679060665","0,308583465","0,4603492381","0,04756606398",,,"0,4474342009","0,4480912477","0,1910364745","0,1603773585",0,"0,2576530612","0,112590645","0,1462606174",,"0,08286048064","0,6757809395","0,3943217666",,"0,1857489633","0,8234510326",,"0,05074532192","0,4068599991","0,2786571631",,"0,5916436736",,"0,5122211359",,"0,3006843836","0,4438898728","0,1784279693","0,3184796855","0,2455418381","0,2806241656","0,006339673006",,"0,2688619445",,
gr_player14,"0,0001878040077","0,5456066946",,"0,1842197957","0,096069869",,"0,6400329489",,"0,1026315789",,"0,6304880347","0,1087043722","0,08396106644","0,1654901961","0,1187168598","0,1590171535","0,07012361886",,"0,4365734538","0,5513307985",,"0,7311699198","0,2166558614","0,64922049","0,3582887701",,0,,,"0,5795623783",,"0,1639058413","0,1432951002",,"0,5302137067","0,1136141038","0,1407070354","0,0008451180348","0,131509813","0,1938186813","0,3341563786","0,09828646749","0,3697588577","0,09255784866","0,1470740997","0,4332129964","0,3120854827","0,2670702578","0,3553956835","0,7549909256","0,2551400656",,0,"2,868976162","0,1531589024","0,1002500568","0,5977881257","0,04707735387","0,1255880101","0,0650994575","0,61829653",,"0,09535759097","0,4311694568",0,"0,4650951949",,"0,2660058663","0,7151043066","0,2207993245","0,7294466748","0,5834279228","0,7185217645","0,5801629964","0,5057580613","0,4976770723","0,3603457162","0,2166558614","0,2886956522","0,2046634484","0,1323692992","0,00008612893502",,,,,"0,4849074976","0,3370411568","0,4471492633","0,05245153934",,,"0,4580826314","0,4254835997","0,207460963","0,1535433071","0,000481753583","0,2829079573","0,07592044012","0,1577008106",,"0,06707187033","0,702044212","0,3722864081",,"0,2046634484","0,8320135747",,"0,08880915003","0,4293009649","0,2720423305",,"0,5363202545",,"0,5288800368",,"0,3118328992","0,4652416533","0,2111737333","0,3107344633","0,2790716679","0,2843889955","0,009609224856",,"0,276908354",,
gr_player15,"0,00001246618547","0,6038669065",,"0,2481857765","0,07129337539",,"0,6127566782",,"0,06666666667",,"0,6144385027","0,1227336123","0,07429140253","0,1848396722","0,08742812743","0,2024947429","0,08964451314",,"0,40888835","0,6285097192",,"0,7167537875","0,1856088418","0,5944584383","0,4514285714",,"0,00007672241829",,,"0,6054979503",,"0,2338044759","0,09196200219",,"0,5233409034","0,1299378384","0,102068456","0,0005111136043","0,1011278914","0,1769790239","0,3579038295","0,08407247161","0,3791050969","0,09379374708","0,1515864437","0,4163179916","0,2838758516","0,2369267243","0,3879194631","0,7101998622","0,235027168",,"0,3333333333","3,110776483","0,1620309051","0,08161526666","0,6634527089","0,06119182467","0,0706557739","0,0492653414","0,6420072426",,"0,1164644714","0,3858370416","0,00107077129","0,3996696945",,"0,2398730693","0,7132496918","0,292776886","0,728480647","0,6415204678","0,7001727489","0,5887586429","0,4801196027","0,4775705348","0,3236123213","0,1856088418","0,4157303371","0,179682373","0,13549753","0,002142370241",,,,,"0,5398773006","0,3048694425","0,4156529386","0,07348438457",,,"0,4609483961","0,4629709299","0,1830541805","0,1964285714","0,00007672241829","0,2521286012","0,07654424477","0,192783245",,"0,06948199021","0,7140626435","0,4038059501",,"0,179682373","0,8349774823",,"0,06973044631","0,4423281014","0,2816739232",,"0,5980964742",,"0,5231943629",,"0,2969392249","0,4426699427","0,1821532126","0,3031784841","0,2485259588","0,2836998612","0,004690019053",,"0,2617222177",,
gr_player16,"0,00001644331168","0,572793563",,"0,2065052184","0,1037489102",,"0,6395113132",,"0,1063829787",,"0,6578462569","0,130794702","0,08118219229","0,1675877252","0,1089454384","0,1446764092","0,05747126437",,"0,4373220441","0,66",,"0,7106246663","0,2212903552","0,621242485","0,3450292398",,"0,0001023331969",,,"0,5887868169",,"0,1802631579","0,1266718306",,"0,555585757","0,1205802357","0,1299613628","0,0007235057141","0,120598469","0,1928127985","0,3558263043","0,09552425177","0,3797473179","0,09409190372","0,1439590596","0,4031456954","0,2767056265","0,277052624","0,3893442623","0,7585513078","0,2580263071",,"0,25","2,910046729","0,1588698472","0,101096805","0,6148818502","0,04829645241","0,1151515152","0,06282306163","0,6378189095",,"0,1365059487","0,446991404",0,"0,4509371555",,"0,2663998921","0,6986322661","0,2469105888","0,7179528317","0,6046025105","0,701758858","0,5850507897","0,508361641","0,4721867461","0,3736510638","0,2212903552","0,3333333333","0,2128045619","0,1196581197","0,00003716643128",,,,,"0,5159796202","0,2759462759","0,4773348964","0,07108299218",,,"0,4660596026","0,4448658318","0,2169769699","0,1696428571",0,"0,293907753","0,06644219978","0,1677086165",,"0,06833184657","0,6805583654","0,3906132194",,"0,2128045619","0,8402160102",,"0,08982550995","0,4409727601","0,2590652495",,"0,5634040501",,"0,5333892766",,"0,2939227983","0,4452171101","0,2185988337","0,2689243028","0,2875388333","0,314897413","0,008401719422",,"0,2648643448",,
gr_player17,"0,00006399590426","0,494106981",,"0,173442623","0,09631728045",,"0,6236391913",,"0,09090909091",,"0,6648044693","0,0988700565","0,07147519582","0,1870198675","0,09718814871","0,1440750213","0,06942003515",,"0,4336072664","0,6615384615",,"0,7674772036","0,2173503952","0,581920904","0,2987012987",,0,,,"0,5127873098",,"0,1594594595","0,1131789656",,"0,5042105263","0,0845410628","0,1096919609","0,001279918085","0,1102585962","0,1888720666","0,3538633819","0,08482516313","0,3536444496","0,08194444444","0,1539942252","0,4435028249","0,3115789474","0,265916556","0,3633952255","0,7070938215","0,2699146306",,0,"2,620025674","0,2","0,105221519","0,5360169492","0,06010518407","0,1023725835","0,05235602094","0,5923344948",,"0,08816120907","0,4419983065",0,"0,4563492063",,"0,3153252481","0,712117562","0,207369659","0,7572769953","0,6380952381","0,7460691824","0,5560802834","0,511740684","0,5483170467","0,3568178685","0,2173503952","0,2172284644","0,2104215068","0,1125401929",0,,,,,"0,4449152542","0,3697749196","0,4570994685","0,08038585209",,0,"0,4576271186","0,3619744059","0,2078651685","0,1967213115",0,"0,2820299501","0,06429503916","0,1842105263",,"0,0832387975","0,7144366197","0,3157894737",,"0,2104215068","0,8669201521",,"0,08706265256","0,414753099","0,2777777778",,"0,4813559322",,"0,5152176705",,"0,3242583794","0,5030479724","0,2220194289","0,2195121951","0,2635702294","0,2956608054","0,01518602885",,"0,276354106",,
gr_player18,"0,00002004543632","0,5399165145",,"0,212952624","0,0773130545",,"0,5788421178",,"0,07197943445",,"0,6634493671","0,1095525319","0,06685386169","0,203788824","0,08256483486","0,1748826291","0,08794154525",,"0,3825819538","0,6402777778",,"0,7476346569","0,2099859439","0,5303842717","0,4094827586",,"0,00004377708707",,,"0,5445082823",,"0,1714770798","0,08952384978",0,"0,5579212454","0,109989648","0,09352258808","0,001810771081","0,09472689797","0,1814586374","0,3343665246","0,07707264468","0,3428750741","0,1123292595","0,1608305016","0,4328797868","0,294757326","0,2529585049","0,3739201974","0,6967185575","0,2546089407",,"0,4285714286","2,520246028","0,130911188","0,08967491688","0,575133916","0,07032206931","0,07652730339","0,05851874429","0,5751908397","0,1666666667","0,1115909091","0,4197784879",0,"0,4719324391",,"0,2944697931","0,6509674467","0,2516256715","0,6981081978","0,6412243317","0,7240305405","0,5431168745","0,4567897377","0,5171605256","0,3388150682","0,2099859439","0,3054347826","0,1960222803","0,1062660315","0,00006073581439",,,,,"0,4994545058","0,3334554782","0,4327332812","0,0818959842",,,"0,4575676813","0,4017451623","0,2007815728","0,1543909348",0,"0,2667713484","0,0819661787","0,1473214286",,"0,0825112619","0,6321133521","0,3482130076",,"0,1960222803","0,8483960518",,"0,07761208029","0,4045182309","0,2674484585",,"0,5324723247",,"0,5039178899",,"0,3164425245","0,4664724919","0,2020167541","0,3276762402","0,2528253148","0,2929805554","0,02339333855",,"0,2646810386",,
gr_player19,"0,00003680665464","0,5661417323",,"0,2498472816","0,1038575668",,"0,6169243287",,"0,04",,"0,6453403447","0,1095273818","0,07735946364","0,1604363443","0,1030852995","0,1660551922","0,07400903161",,"0,4121996303","0,693877551",,"0,7207398423","0,2284569138","0,5842450766","0,2941176471",,0,,,"0,5913555992",,"0,1837672282","0,1166504144",,"0,5241332427","0,1230407524","0,1014613779","0,0004784865104","0,1201148509","0,169837914","0,4321475626","0,09304214421","0,3755522004","0,1324921136","0,1458926616","0,4756189047","0,3140720598","0,2731741003","0,3563218391","0,7363013699","0,2573605065",,,"2,777502068","0,1442542787","0,07153965785","0,5873015873","0,08559498956","0,1118916207","0,04456094364","0,6353135314",,"0,1050096339","0,420180407",0,"0,4951456311",,"0,2592395922","0,7108982036","0,2929799427","0,7140186916","0,583984375","0,7105684548","0,5846100279","0,4744087098","0,4866912367","0,3603940462","0,2284569138","0,3464052288","0,2007567795","0,1254237288",0,,,,,"0,5326409496","0,2576271186","0,4676597413","0,03348909657",,,"0,4148537134","0,4439528024","0,2105039788","0,1118421053",0,"0,2914350915","0,07392126526","0,1617946975",,"0,07581227437","0,7067669173","0,3893200296",,"0,2007567795","0,834109972",,"0,06663957741","0,4324811643","0,2740173302",,"0,5590490798",,"0,5409941898",,"0,3069076824","0,4448621554","0,2125049466","0,3366666667","0,2756108666","0,3148816687","0,004704037632",,"0,2608376194",,
gr_player20,0,"0,4834656085",,"0,1892047086","0,08098891731",,"0,5695581015",,"0,06872852234",,"0,6607688947","0,06958762887","0,07490768419","0,2056471558","0,09433865684","0,1765679168","0,09827980272",,"0,3689983101","0,6208333333",,"0,7494838883","0,2264067834","0,5860091743","0,3004694836",,"0,00024585126",,,"0,5073731813",,"0,160091047","0,1045294118",,"0,5237379808","0,07671601615","0,1064","0,001593212175","0,1071541128","0,1905999322","0,3358704137","0,08650315093","0,31703678","0,1050437682","0,1668086315","0,4149484536","0,3293269231","0,2662333755","0,3667546174","0,7140616832","0,2704283811",,1,"2,332354818","0,1383084577","0,09388159524","0,5248275862","0,0652","0,08985925659","0,06950122649","0,4744897959",0,"0,05171339564","0,4280270436","0,0001201537969","0,4831598285",,"0,313702542","0,6306167222","0,225633417","0,6461086637","0,583677686","0,7236826732","0,5201081543","0,4420801906","0,529251442","0,3501441507","0,2264067834","0,2077922078","0,2046091279","0,09540954095","0,0003137377936",,,,,"0,4280917739","0,3258325833","0,4316860465","0,06616126809",,,"0,5154639175","0,3519983631","0,2128809768","0,09170305677",0,"0,2788862335","0,09055741164","0,1469350962",,"0,08924333049","0,5929725268","0,3033740889",,"0,2046091279","0,8350091408",,"0,08355354222","0,3758999465","0,2784259544",,"0,4714241582",,"0,485175949",,"0,3305228991","0,4824363268","0,2144638404","0,2993079585","0,2716758331","0,2990600968","0,01962209302",,"0,2820197605",,
gr_player21,"0,00008540438979","0,5113776138",,"0,1950759807","0,09346846847",,"0,6206108324",,"0,05752212389",,"0,5575938567","0,09494872769","0,09712654989","0,1816947737","0,1176453705","0,232593385","0,06855983773",,"0,4206403856","0,6603053435",,"0,7110012361","0,2238098418","0,5683544304","0,275862069",,0,,,"0,5590384162",,"0,1622418879","0,1334432718",,"0,5158301158","0,08784213877","0,1265569395","0,000811341703","0,1261478114","0,2040730337","0,3664596273","0,1053861789","0,3578635277","0,08333333333","0,1590848865","0,4090391189","0,3324324324","0,2784417161","0,3584070796","0,7565287264","0,2789677747",,,"2,802148302","0,1449459631","0,1020041879","0,5486618005","0,06138790036","0,1261663286","0,06559766764","0,5826312378",,"0,09075723831","0,4438652767",0,"0,4575432811",,"0,2937413555","0,7157735277","0,2353610006","0,7349304482","0,5499412456","0,6997999692","0,5639470014","0,4947357765","0,4812583668","0,3759298027","0,2238098418","0,3148788927","0,2179638154","0,1039426523",0,,,,,"0,4569309755","0,3046594982","0,487981973","0,06822953114",,,"0,4960121534","0,406512425","0,2212635358","0,100456621","0,0004009623095","0,2963105304","0,0633733517","0,1517374517",,"0,0762397501","0,7032082249","0,3521639077",,"0,2179638154","0,8294206332",,"0,08779739064","0,4205189538","0,3338086596",,"0,5013246983",,"0,5112031921",,"0,2942500512","0,448874852","0,2259158033","0,3037300178","0,2888382688","0,3215540804","0,009514271407",,"0,2584384589",,
gr_player22,0,"0,5424966799",,"0,2121372032","0,1189320388",,"0,5837424199",,"0,1333333333",,"0,5287068004","0,07389749702","0,09654731458","0,1828319201","0,1175739617","0,2556691863","0,06821282401",,"0,3793394633","0,7305389222",,"0,7181692094","0,2201257862","0,6784037559","0,4107142857",,"0,0004414036637",,,"0,6070988415",,"0,170771757","0,1347913412",,"0,4886666667","0,09838032394","0,1256767208","0,0003645776368","0,1271676301","0,1677893448","0,4017699115","0,1046735223","0,3545273777","0,110787172","0,1373439274","0,4517282479","0,3186666667","0,2594596745","0,3534482759","0,7376654633","0,2602270334",,0,"2,731689088","0,2076318743","0,08891838089","0,5992115637","0,0618716164","0,1248294679","0,05257836198","0,6628205128",,"0,06461538462","0,39638049",0,"0,4251968504",,"0,2464840088","0,6773710126","0,2479950648","0,6984615385","0,6268115942","0,7176629517","0,569580801","0,4450682519","0,4701289268","0,3395126327","0,2201257862","0,4210526316","0,2065702553","0,1058201058",0,,,,,"0,4794007491","0,3227513228","0,456010453","0,05869324474",,,"0,4743742551","0,4523415978","0,2140373064","0,188976378",0,"0,2759123555","0,0655370844","0,1926666667",,"0,07803468208","0,6643229167","0,3991249392",,"0,2065702553","0,8204667864",,"0,08289299868","0,411344325","0,3451073986",,"0,5377720871",,"0,5225430887",,"0,2955142107","0,4452126545","0,2054978082","0,3439153439","0,2593497176","0,3155105973","0,002613240418",,"0,2663241008",,
gr_player23,0,"0,5767857143",,"0,2329842932","0,1001697793",,"0,6356882345",,"0,06578947368",,"0,6402022004","0,09939759036","0,0878667724","0,1653509246","0,1128238163","0,1644755644","0,07060580205",,"0,4196540039","0,6705202312",,"0,7141339001","0,230615255","0,604989605","0,3768115942",,0,,,"0,612254025",,"0,1268758527","0,1306859964",,"0,6116923077","0,08866995074","0,1204819277","0,0008756567426","0,1257502143","0,1801392673","0,359056806","0,09890289831","0,3842500807","0,1037868163","0,1672578929","0,452560241","0,2726153846","0,2706929292","0,3927272727","0,7072111208","0,2593000682",,,"3,448076127","0,1065022422","0,09507042254","0,5855421687","0,05598866052","0,116894198","0,06397306397","0,6608315098",,"0,108559499","0,4223856209","0,00008123476848","0,4154302671",,"0,276267172","0,6872488126","0,2759689922","0,695161877","0,5440613027","0,7001282874","0,6031263569","0,4859060403","0,4577181208","0,3573797117","0,230615255","0,392","0,2080624187","0,07567567568","0,0004800384031",,,,,"0,5538628945","0,3648648649","0,4740740741","0,05503258508",,,"0,4480421687","0,4793417367","0,2163189615","0,08982035928",0,"0,2901118146","0,07105471848","0,1156923077",,"0,07753876938","0,6819338422","0,411419985",,"0,2080624187","0,8288736777",,"0,08526933878","0,4475351735","0,2731522707",,"0,5688965123",,"0,5271687321",,"0,2907530982","0,4263521289","0,2152788709","0,3857142857","0,2652568833","0,2968984492","0,009171075838",,"0,2600719842",,
gr_player24,0,"0,5557199211",,"0,1959247649","0,07894736842",,"0,6312539251",,"0,0350877193",,"0,6462203024","0,08715184187","0,0808006611","0,1480942184","0,1027224326","0,1682676104","0,08468492422",,"0,4270943984","0,7112462006",,"0,7192803108","0,1928271405","0,6035928144","0,5142857143",,"0,0001133272892",,,"0,614152438",,"0,1585253456","0,1104523779",,"0,5601659751","0,08121546961","0,1198065509","0,0003520713531","0,126306033","0,1803876853","0,4790502793","0,09698852772","0,3800989992","0,07768052516","0,1422043755","0,5197663971","0,3059222935","0,24630478","0,401826484","0,7543160691","0,2342948132",,0,"2,894881673","0,1168582375","0,09585492228","0,6019230769","0,04814244889","0,08481786759","0,04143426295","0,7153061224",,"0,08296460177","0,4023118767",0,"0,3846153846",,"0,2248437774","0,7135960131","0,231857176","0,6906626506","0,6203155819","0,7173913043","0,5943167053","0,486684958","0,4650978318","0,3316485976","0,1928271405","0,4937759336","0,1871976948","0,1052631579","0,0001644917206",,,,,"0,5073313783","0,3349282297","0,4144329897","0,1142241379",,,"0,393081761","0,4698989899","0,1898448356","0,1527777778",0,"0,262254039","0,06381415848","0,1339117314",,"0,0622327791","0,7081863091","0,4128017037",,"0,1871976948","0,8408697022",,"0,0738201951","0,4359718193","0,2707072097",,"0,5550169656",,"0,5447761194",,"0,2949857454","0,4426229508","0,1930777755","0,3677536232","0,2479379339","0,3439429929","0,001855670103",,"0,2695099819",,
gr_player25,"0,00001750853541","0,558589306",,"0,2284034992","0,07852760736",,"0,6052535304",,"0,07488986784",,"0,6668806162","0,1249525256","0,07582859056","0,1700474496","0,09007901668","0,1511173621","0,1075735649",,"0,4023737718","0,6278409091",,"0,7220626453","0,2248494061","0,50997151","0,375",,"0,0002098635887",,,"0,6069945905",,"0,154040404","0,09557758071",,"0,5221950367","0,1255830642","0,09627145394","0,000892935306","0,1123613065","0,1812091243","0,3602430556","0,08588360163","0,3696343203","0,1253665689","0,1475616864","0,4705658944","0,313876267","0,267117368","0,3618290258","0,7256990679","0,2538598547",,0,"2,875949367","0,1709503885","0,08251057828","0,5955390335","0,08147563622","0,06946454414","0,05495134516","0,6632231405",,"0,1260121457","0,4174186779",0,"0,4361702128",,"0,2684080729","0,6820670773","0,2703883495","0,6991715976","0,6026431718","0,7008714209","0,5808456244","0,4675823865","0,4787774352","0,3543481365","0,2248494061","0,3508353222","0,2050506847","0,1217656012",0,,,,,"0,5116618076","0,3394216134","0,4724643423","0,06085271318",,,"0,4044815799","0,4569128788","0,2127554546","0,1696113074",0,"0,2852665675","0,08093404754","0,1639286963",,"0,06490299824","0,6730451542","0,3994535972",,"0,2050506847","0,8327583374",,"0,07306666667","0,4289158026","0,2599395627",,"0,5531836584",,"0,5324809952",,"0,3040198111","0,4318430857","0,2076615694","0,3521367521","0,2652225696","0,2972369195","0,008122028526",,"0,2570943962",,
gr_player26,0,"0,4900142653",,"0,215532507","0,06818181818",,"0,6167941134",,"0,1132075472",,"0,604519774","0,1098310292","0,08187612355","0,1627668074","0,1040691566","0,1895899971","0,0709382151",,"0,4018234797","0,5986394558",,"0,7361436378","0,2187968315","0,5700389105","0,3095238095",,0,,,"0,5784819455",,"0,1584302326","0,1151936445",,"0,578134284","0,1188051595","0,1078095238","0,0003957522591","0,1257633033","0,1681858277","0,3484251969","0,09544267543","0,3568634933","0,1099873578","0,1411305318","0,455453149","0,257278669","0,270069538","0,4075829384","0,7250673854","0,2575028637",,0,"2,690399137","0,1688442211","0,1148604802","0,5007385524","0,06780952381","0,09885583524","0,04535637149","0,6432818074",,"0,1065737052","0,4450312989","0,00008236553826","0,4541176471",,"0,2587908403","0,6609017912","0,2519964508","0,6634692246","0,6054545455","0,7204930663","0,5746543779","0,4640182351","0,4977128783","0,3729758428","0,2187968315","0,3333333333","0,1883736788","0,1208053691","0,0002421502946",,,,,"0,4706649283","0,2818791946","0,4802101576","0,09343794579",,,"0,4347158218","0,4194122885","0,1966345245","0,1315789474",0,"0,2898555504","0,05801601569","0,1645870469",,"0,05655526992","0,6493317132","0,3694697207",,"0,1883736788","0,8546617916",,"0,08689794544","0,4108957109","0,2925185352",,"0,4847645429",,"0,5395659432",,"0,3148580968","0,4681617942","0,2141686492","0,2516129032","0,2779890156","0,288688946","0,004203152364",,"0,2842553191",,
gr_player27,"0,00001374136012","0,5658860538",,"0,2252032138","0,06845785793",,"0,6361694368",,"0,06891271057",,"0,6638629666","0,0788248982","0,07372553721","0,1626646657","0,0960157964","0,1501516543","0,1008800522",,"0,4228864337","0,6575028637",,"0,7206932181","0,2269020008","0,593764988","0,4138755981",,"0,0002525996716",,,"0,6147182281",,"0,1380608723","0,1089422789",,"0,5468689726","0,07368848026","0,1166588894","0,0009756365685","0,1162590088","0,1837893371","0,4158464567","0,08583522772","0,3781598374","0,1337837838","0,1474708695","0,4668411867","0,3183746946","0,2656299468","0,4059856864","0,7470486111","0,2498410812",,"0,1666666667","3,252781352","0,1324618736","0,08881987578","0,5828863969","0,06692887141","0,07981584094","0,05444798124","0,5961990177",,"0,07523316062","0,4029806761","0,0005130836326","0,4272579773",,"0,2520661157","0,6844539049","0,2680049206","0,6867648095","0,6101485149","0,7115844382","0,5988101541","0,488967202","0,4862629528","0,3389682963","0,2269020008","0,3450807636","0,2136366994","0,08727450024","0,0009223699878",,,,,"0,5386813635","0,3222818137","0,4254889786","0,0877168824",,,"0,4543339151","0,4551496115","0,219098212","0,1523809524",0,"0,2797809627","0,08229688015","0,1347563328",,"0,07440156326","0,6676749814","0,3975854898",,"0,2136366994","0,831765219",,"0,07442496974","0,4382437214","0,2618413045",,"0,558826797",,"0,5251785387",,"0,3122138802","0,4634767837","0,2019788845","0,3240866035","0,2627728784","0,3219833903","0,009158646383",,"0,2873946629",,
gr_player28,0,"0,5820895522",,"0,2393634297","0,06982543641",,"0,6292476754",,"0,06603773585",,"0,655234657","0,1433021807","0,06797583082","0,1676292629","0,09719016558","0,1465943532","0,1158432709",,"0,4202325844","0,6363636364",,"0,694966443","0,2241553202","0,6192893401","0,375",,0,,,"0,6189921352",,"0,1894409938","0,1091993577",,"0,5445411922","0,1422663358","0,1157459602","0,0001971919861","0,1323975116","0,1796407186","0,3545966229","0,08785230111","0,3873624757","0,1235955056","0,1378833295","0,4158878505","0,2980576021","0,270502047","0,3142857143","0,6346749226","0,2490457431",,,"3,139723414","0,1330977621","0,09401114206","0,6114180479","0,07290492296","0,07568751521","0,05066344994","0,6990825688",,"0,1503680336","0,4296965485","0,0001022913257","0,404040404",,"0,2431715139","0,715457575","0,2835706041","0,7569275644","0,6175115207","0,6883817427","0,5997449444","0,4873003404","0,4558661677","0,3540192926","0,2241553202","0,3509933775","0,209985907","0,1231231231","0,00009963136395",,,,,"0,5496402878","0,2822822823","0,4458391446","0,04680534918",,,"0,4408099688","0,4761371275","0,2180284192","0,2094594595",0,"0,2853762423","0,09885867741","0,1574012056",,"0,06827731092","0,7314900154","0,4198774946",,"0,209985907","0,8243524859",,"0,07647907648","0,4478911565","0,2552839318",,"0,5767366721",,"0,5446452657",,"0,2793363906","0,4252755704","0,1996285032","0,2978723404","0,2662424648","0,2867647059","0,001859600186",,"0,2463617464",,
gr_player29,"0,00004961548003","0,4918478261",,"0,2093563371","0,08333333333",,"0,5881015536",,"0,1263157895",,"0,5484810653","0,09616888194","0,08649111539","0,1759441832","0,1043276662","0,2480986639","0,07856924488",,"0,378582754","0,580952381",,"0,7204152249","0,2148581998","0,6137724551","0,3170731707",,"0,000296735905",,,"0,552937379",,"0,1460446247","0,1166941653",,"0,5404676259","0,1088122605","0,1248149975","0,0004465393203","0,114696814","0,175879397","0,3977272727","0,09502313509","0,3382590339","0,06288343558","0,1590742996","0,4386239249","0,3228417266","0,2707926167","0,4","0,6895043732","0,2674496128",,0,"2,495648191","0,1292407108","0,1144480519","0,5268630849","0,05525407005","0,09874656068","0,05131578947","0,6648351648",,"0,0971258672","0,4404867913",0,"0,4559748428",,"0,2731666897","0,6707421098","0,2465806956","0,6934046346","0,65374677","0,7129590545","0,5503586221","0,4409717289","0,4838484778","0,3802130898","0,2148581998","0,3734939759","0,212200894","0,09259259259",0,,,,,"0,4436619718","0,3222222222","0,5550432277","0,05489923558",,,"0,4652071931","0,404009434","0,2113620808","0,1",0,"0,2952617217","0,0732177264","0,1366906475",,"0,0623752495","0,6661956906","0,3500919681",,"0,212200894","0,8332648871",,"0,09075975359","0,3936985113","0,3327890268",,"0,4855895197",,"0,5010425976",,"0,3100983021","0,4557474366","0,2127801426","0,3546099291","0,2736266049","0,3378243513","0,001729106628",,"0,2777047024",,
gr_player30,0,"0,5562165378",,"0,2006646217","0,09760956175",,"0,6643168418",,"0,1485148515",,"0,6496204555","0,1329639889","0,08340543347","0,1614411733","0,1072657253","0,1711916762","0,07088667615",,"0,4554481547","0,7457627119",,"0,7313915858","0,2202580029","0,5769230769","0,3880597015",,0,,,"0,6163284568",,"0,1599297012","0,121648754",,"0,5881073241","0,1193220339","0,1253955696","0,0005673299023","0,1136400585","0,1868656716","0,3554175293","0,09620276163","0,3941746681","0,1370223979","0,1419166057","0,4228993536","0,2588832487","0,260456942","0,375","0,7505601195","0,2539956887",,,"3,411530815","0,1481481481","0,1039787798","0,5843828715","0,05379746835","0,1161688004","0,05709342561","0,6377204885",,"0,1370262391","0,4093506494","0,00009405568096","0,4228187919",,"0,271321851","0,7334572491","0,2388922702","0,7623512441","0,6453089245","0,7180885183","0,6121575342","0,5256059223","0,4961999662","0,3434790002","0,2202580029","0,3382899628","0,2028469751","0,1259445844","0,0001834862385",,,,,"0,5209643606","0,3501259446","0,4679186228","0,07663125948",,,"0,4441366574","0,4583260221","0,2114243323","0,07936507937",0,"0,2765733274","0,07388821595","0,1530094271",,"0,07402185407","0,727790151","0,4033976834",,"0,2028469751","0,8203363914",,"0,08946212953","0,4552690226","0,2727166822",,"0,549771167",,"0,5435860359",,"0,3034497005","0,4568455417","0,2068630688","0,2877358491","0,2613844871","0,2987310539","0,007303077726",,"0,2611992534",,
gr_player31,"0,00003318951211","0,6036760482",,"0,2446134347","0,1015037594",,"0,654369959",,"0,08823529412",,"0,6265549632","0,1513437058","0,09131465217","0,1545662349","0,1218455901","0,1463669629","0,07330262367",,"0,4429428086","0,645",,"0,7140998959","0,2519710552","0,6180981595","0,4117647059",,"0,0005977286312",,,"0,6380018248",,"0,1500765697","0,1324099186",,"0,536196319","0,18298447","0,1181818182","0,0007965482907","0,1497647674","0,165737753","0,3770992366","0,1138953828","0,4033990923","0,1133540373","0,134529148","0,4611032532","0,3417177914","0,2860453328","0,4158415842","0,7134955752","0,2578941973",,,"3,422789784","0,1033776868","0,09535603715","0,6105150215","0,05779220779","0,1233727218","0,04589585172","0,640682095",,"0,1624173749","0,4331540147",0,"0,3863013699",,"0,2350166482","0,7072146119","0,2855029586","0,7237695536","0,5867269985","0,7060384871","0,6226145379","0,5074336102","0,4698733311","0,3575193374","0,2519710552","0,4074074074","0,2267777066","0,1183098592",0,,,,,"0,5848837209","0,3295774648","0,4319267516","0,05686546463",,,"0,387553041","0,4884736291","0,2370909779","0,1849315068",0,"0,2982077663","0,06649937265","0,1220858896",,"0,06787932564","0,7059724349","0,4319024089",,"0,2267777066","0,824383917",,"0,07962529274","0,4619014794","0,2724801338",,"0,5982142857",,"0,5574522565",,"0,2928624773","0,4360655738","0,2158259859","0,3333333333","0,277479514","0,2985803017","0,006369426752",,"0,2550641256",,
gr_player32,0,"0,5385638298",,"0,2164291073","0,06435643564",,"0,6202677123",,"0,09652509653",,"0,6921011728","0,1053042122","0,08030437352","0,169590967","0,09531783629","0,1228874444","0,09199747952",,"0,4188159036","0,6084337349",,"0,7138608741","0,2288015902","0,550056243","0,31",,"0,0002949852507",,,"0,580107849",,"0,1462897527","0,1008876045",,"0,570230608","0,09445224719","0,09589519651","0,0008346425766","0,1188504961","0,1827091867","0,3605675147","0,0911328155","0,3681700217","0,1137102014","0,1422648116","0,4399375975","0,302785265","0,2737034909","0,4102040816","0,7483370288","0,2493748987",,,"2,739561587","0,1127858628","0,08177905308","0,575794621","0,06270742358","0,07834488553","0,0556561086","0,6251604621",,"0,1070467994","0,4217305801",0,"0,4489420423",,"0,2601025262","0,687801042","0,2564824418","0,6983367983","0,64375","0,6980341605","0,5757165838","0,486918219","0,4823519133","0,3623684123","0,2288015902","0,3532338308","0,2078913874","0,1007092199",0,,,,,"0,4816576087","0,3290780142","0,4719350074","0,06528417819",,,"0,4547581903","0,4275746335","0,2164920022","0,1161971831",0,"0,2912738937","0,0714391253","0,126984127",,"0,07197183099","0,6747520612","0,3762630188",,"0,2078913874","0,8356105278",,"0,07151062608","0,4265861191","0,2346111023",,"0,5312097812",,"0,5378701749",,"0,2989009799","0,446183953","0,2086259718","0,3039399625","0,2799614511","0,3164788732","0,007754800591",,"0,2606498195",,
gr_player33,0,"0,6239130435",,"0,2106889095","0,05647058824",,"0,6328632546",,"0,0989010989",,"0,629776394","0,1200294551","0,08181818182","0,1614881984","0,110535068","0,1601186064","0,1012987013",,"0,4394806338","0,7005347594",,"0,6881367072","0,234818836","0,668161435","0,1153846154",,"0,000676132522",,,"0,6321937322",,"0,1274193548","0,1235009225",,"0,5463215259","0,1246923708","0,1283292978","0,0005703205201","0,1369903632","0,2026734104","0,3996282528","0,1009852217","0,3935277667","0,1574074074","0,1382478154","0,4727540501","0,3460490463","0,2793347577","0,3963414634","0,7599337748","0,2588371029",,,"3,198051948","0,09316037736","0,08187543737","0,6850828729","0,06739305892","0,09515938607","0,05393743258","0,6948818898",,"0,1101364522","0,4228082037",0,"0,4213483146",,"0,2450084962","0,7473275024","0,254857997","0,7638959714","0,664983165","0,679741051","0,6027097902","0,5070458296","0,4513903859","0,3691712791","0,234818836","0,5","0,2104552469","0,1506024096","0,000183099881",,,,,"0,5395894428","0,265060241","0,4765432099","0,04466313399",,,"0,4072164948","0,4846036252","0,2181716209","0,1351351351",0,"0,297555226","0,06578512397","0,1076294278",,"0,07574094402","0,7451594533","0,4270592764",,"0,2104552469","0,8338890573",,"0,06963788301","0,4556568861","0,2740669163",,"0,6145092461",,"0,5438181579",,"0,2751281041","0,428880346","0,2125678821","0,4338983051","0,290256248","0,3073545554","0,00329218107",,"0,2510901674",,
gr_player34,"0,0001486767767","0,4661654135",,"0,1658084449","0,07738095238",,"0,627459885",,"0,06896551724",,"0,7117486339","0,1007194245","0,06913935902","0,2005012531","0,0946969697","0,1342518424","0,05972434916",,"0,4424164799","0,6666666667",,"0,7648305085","0,2301212246","0,5238095238","0,3650793651",,0,,,"0,5239388795",,"0,1438848921","0,1093263006",,"0,5433168317","0,09041731066","0,09937402191","0,002750520369","0,1041332906","0,2129186603","0,3384691849","0,08325520345","0,3607717042","0,08126036484","0,1683950617","0,4694244604","0,2982673267","0,2645218228","0,4019607843","0,7008837525","0,2714429551",,0,"2,88364486","0,1660377358","0,1146010187","0,5341614907","0,05712050078","0,1036242981","0,05982905983","0,5873684211",,"0,09543568465","0,4080370943",0,"0,4426559356",,"0,3476070529","0,7324561404","0,2030264817","0,7743902439","0,6358024691","0,7330407023","0,5586131982","0,5280927507","0,5457883369","0,3488450514","0,2301212246","0,1992337165","0,2059496568","0,1047619048","0,0001412828483",,,,,"0,4157014157","0,4412698413","0,4534412955","0,05019305019",,,"0,4298561151","0,3726153103","0,2158149171","0,1041666667",0,"0,2783972643","0,06949945985","0,1584158416",,"0,09245214879","0,7500949487","0,3199253577",,"0,2059496568","0,8689903846",,"0,09075119409","0,429466212","0,2666911225",,"0,4611111111",,"0,4962672403",,"0,3197519929","0,4914392723","0,2199987414","0,3596491228","0,2761492338","0,2806067172","0,03441295547",,"0,2663476874",,
gr_player35,0,"0,438490566",,"0,1659067882","0,08108108108",,"0,6188112819",,"0,1",,"0,7793923382","0,09602649007","0,06819787986","0,1902384349","0,08000810209","0,1181818182","0,0641634981",,"0,4225142574","0,5833333333",,"0,7617387262","0,2285714286","0,4306569343","0,358974359",,0,,,"0,5012800819",,"0,1382113821","0,0867653864",,"0,5189189189","0,100117096","0,09707112971","0,002739384884","0,08475073314","0,2176134656","0,3249396344","0,07474783862","0,3420563231","0,08700209644","0,1715240394","0,4552980132","0,3297297297","0,2743601864","0,3900826446","0,7128450106","0,2850549101",,"0,5","2,644642246","0,1600719424","0,08392715756","0,4844606947","0,05857740586","0,07984790875","0,0704787234","0,6416772554",,"0,08118081181","0,4475088968",0,"0,4970760234",,"0,3970484891","0,6789617486","0,2031637717","0,7302018634","0,6303030303","0,725555894","0,5455123226","0,4996090696","0,5397792785","0,3721122112","0,2285714286","0,1980440098","0,2110027855","0,1081081081",0,,,,,"0,4018691589","0,4234234234","0,4924181963","0,04761904762",,,"0,4486754967","0,3488330661","0,2163377829","0,1666666667",0,"0,2913709376","0,074204947","0,1513513514",,"0,09531374106","0,6592592593","0,2995257764",,"0,2110027855","0,8724747475",,"0,07981803143","0,4051077665","0,2545205896",,"0,4340698503",,"0,4948392804",,"0,3221271994","0,4815039418","0,2327179161","0,3142857143","0,2871917263","0,2905304033","0,03112529928",,"0,2671002467",,
gr_player36,0,"0,5783633842",,"0,2131995134","0,1189873418",,"0,6529777487",,"0,06315789474",,"0,6638755981","0,08301886792","0,08517034068","0,1536510479","0,1129064432","0,1410156857","0,06062701706",,"0,4444815681","0,625",,"0,6996173469","0,2040307971","0,619047619","0,3714285714",,0,,,"0,6110169492",,"0,2198198198","0,1257715151",,"0,5074515648","0,121669627","0,1142628845",0,"0,1380649169","0,1960227273","0,3867791842","0,1032708242","0,3903536245","0,1149635036","0,1377719183","0,4716981132","0,3077496274","0,2497322238","0,375","0,7206632653","0,2365972617",,,"3,185408922","0,1601016518","0,1050608584","0,6165730337","0,05193767479","0,111802674","0,04004329004","0,6575342466",0,"0,08549222798","0,4027470093","0,00009832841691","0,4024767802",,"0,2382907062","0,7080634353","0,2562134503","0,7345092718","0,6337719298","0,6944123314","0,6046573168","0,5098364844","0,4610212229","0,333112534","0,2040307971","0,3939393939","0,1863486065","0,07638888889","0,00009696499564",,,,,"0,5333333333","0,34375","0,4432773109","0,07329842932",,,"0,4452830189","0,4634668952","0,1981741717","0,2222222222",0,"0,2670143318","0,05945223781","0,1847988077",,"0,07111466241","0,705388573","0,4085757461",,"0,1863486065","0,8492907801",,"0,08537815126","0,4500689383","0,2572780204",,"0,5734597156",,"0,5485901639",,"0,2877377049","0,4366367822","0,199243923","0,3151260504","0,2469744509","0,294446664",0,,"0,2590941769",,
gr_player37,0,"0,488258317",,"0,2271522008","0,06956521739",,"0,6120169082",,"0,1266666667",,"0,6029727794","0,118652112","0,08433862434","0,1673596674","0,1056128583","0,1882168415","0,0817314969",,"0,3986495345","0,6490566038",,"0,7114537445","0,2133088961","0,6471449488","0,320754717",,0,,,"0,5741847362",,"0,174929841","0,1190546095",,"0,5676929566","0,14427157","0,1218286863","0,0003292433987","0,1243995687","0,1750980797","0,3952380952","0,0954287621","0,35800327","0,08563535912","0,1431185466","0,460844803","0,2779417967","0,2649934653","0,3247232472","0,7111913357","0,2545858147",,0,"2,671563745","0,1374807988","0,08514576585","0,4975609756","0,05199698568","0,09520205842","0,06006006006","0,646351243",,"0,1121495327","0,4091954023",0,"0,4285714286",,"0,2583241384","0,6648648649","0,2672073196","0,6809470124","0,5908496732","0,6998851894","0,5712688355","0,4620469569","0,4816701876","0,3564536368","0,2133088961","0,3536121673","0,2061930783","0,1394422311",0,,,,,"0,4710820896","0,3047808765","0,4772459326","0,0464559387",,,"0,420503085","0,4223282682","0,2094220866","0,1395348837",0,"0,2847516407","0,05915343915","0,1543652467",,"0,07718446602","0,6561972307","0,3712740119",,"0,2061930783","0,8513747356",,"0,07657657658","0,4137199707","0,2904570723",,"0,4840247973",,"0,5361978555",,"0,3033575957","0,4470519214","0,2107624924","0,3086419753","0,2726449275","0,3148058252","0,002829521339",,"0,2654821009",,
gr_player38,0,"0,5250403877",,"0,1986386139","0,1069887834",,"0,6004927457",,"0,1326860841",,"0,6669486149","0,097299444","0,08160042116","0,1883441832","0,1047736979","0,1570875168","0,07743673852",,"0,3936120581","0,5798319328",,"0,7440849831","0,2136679668","0,5486459378","0,3945945946",,"0,0001226391955",,,"0,5238243538",,"0,171988389","0,1179627726",,"0,5128755365","0,1030745968","0,1103154635","0,001660540702","0,1196141988","0,1886404834","0,3387433341","0,09424891147","0,3365727365","0,1033994334","0,160116004","0,4269261319","0,3316983446","0,2594857259","0,3587398374","0,7229590333","0,2637413597",,0,"2,543959161","0,1433121019","0,09912909836","0,5482758621","0,0841881169","0,10789597","0,05692850838","0,476702509",,"0,09090909091","0,4253127299","0,000165337081","0,4516556291",,"0,3012660656","0,6537165009","0,2367547634","0,6759198423","0,5923694779","0,7191969887","0,5452224654","0,4645095714","0,5262978142","0,345942648","0,2136679668","0,265474553","0,2021940778","0,1071789687","0,0004446420631",,,,,"0,493442623","0,3255813953","0,4264321369","0,06715063521",,,"0,4757744241","0,3698600015","0,2055364314","0,1315789474",0,"0,2725898838","0,08475914714","0,1554261189",,"0,08407771326","0,6259884338","0,3205641319",,"0,2021940778","0,8315228967",,"0,08915946583","0,3952412426","0,2713914381",,"0,5176829268",,"0,5008095441",,"0,3282914359","0,4794245567","0,2125207805","0,2877192982","0,2652977749","0,3035953551","0,02067981935",,"0,2800469025",,
gr_player39,"0,0001032204789","0,4992581602",,"0,1790540541","0,07556675063",,"0,6007572057",,"0,09677419355",,"0,6938136257","0,06334371755","0,0705229794","0,1937087773","0,0875246923","0,1520440974","0,08768338451",,"0,4033951124","0,592920354",,"0,7474356052","0,2206886532","0,4674556213","0,3444444444",,"0,0010348396",,,"0,54265286",,"0,2183908046","0,1005786249",,"0,4872761546","0,07470288625","0,09290953545","0,002425681255","0,09209921911","0,2045970488","0,3535031847","0,07699698051","0,3431239907","0,1116333725","0,1437375385","0,471443406","0,3185673893","0,2679034623","0,3988657845","0,7184115523","0,2744296269",,,"2,578550344","0,1773162939","0,07979071288","0,5695581015","0,06601466993","0,09655407711","0,06974248927","0,6166056166",,"0,03625954198","0,4304932735",0,"0,4729241877",,"0,3409594096","0,6690867405","0,2167689162","0,6950222883","0,64604811","0,7215041128","0,5484861169","0,4782693243","0,5351721887","0,35030104","0,2206886532","0,2315789474","0,2141779789","0,09567198178",0,,,,,"0,430471584","0,3781321185","0,4317904994","0,06157354618",,,"0,4652128764","0,3806641301","0,2138561764","0,1444444444",0,"0,2817919075","0,08663497095","0,1941564562",,"0,08917197452","0,6461366181","0,3347528517",,"0,2141779789","0,8463925524",,"0,07658420874","0,403386352","0,2733597054",,"0,4895688456",,"0,5003926188",,"0,3218492344","0,4892430279","0,220552019","0,3112244898","0,2705703091","0,2937127594","0,02436053593",,"0,2741989505",,
gr_player40,0,"0,5530527564",,"0,2179517785","0,09183673469",,"0,6160242872",,"0,08219178082",,"0,6190862395","0,07677035076","0,08406760075","0,169062804","0,1098419787","0,1678397401","0,07957342084",,"0,4145496536","0,6063829787",,"0,7039738431","0,20634101","0,5551894563","0,3111111111",,0,,,"0,5818767249",,"0,1737804878","0,1176994655",,"0,4987096774","0,09379042691","0,1075304176","0,0002847200253","0,1342717921","0,1879213483","0,3695881732","0,1038222357","0,3657766552","0,09916367981","0,1468605889","0,4784910655","0,3483870968","0,2538671834","0,3636363636","0,7160194175","0,2460372844",,,"2,728802153","0,1375838926","0,1017751479","0,5739910314","0,06806971391","0,1089007383","0,06560449859","0,5879265092",,"0,06585788562","0,4109641556","0,0004119294777","0,4455696203",,"0,2448738886","0,7093317748","0,259375","0,7048315063","0,6406727829","0,6945658963","0,5734285512","0,4814318135","0,4738445912","0,3418892508","0,20634101","0,4147727273","0,193474615","0,1120448179","0,0006483507578",,,,,"0,5178571429","0,3193277311","0,4393660155","0,05732899023",,,"0,4447385837","0,429031711","0,1995307283","0,1301775148",0,"0,2697880418","0,06716741297","0,1529032258",,"0,07160493827","0,7080529125","0,3762081784",,"0,193474615","0,8474384376",,"0,08812260536","0,4243629323","0,2800545016",,"0,5467667436",,"0,5218912329",,"0,2967242659","0,4424109807","0,2016083475","0,2837837838","0,2576819407","0,3055555556","0,003317360855",,"0,2614624971",,
gr_player41,0,"0,5399610136",,"0,188102298","0,08014571949",,"0,618820108",,"0,1013513514",,"0,6294520548","0,08638600328","0,07880762732","0,159401926","0,09811779861","0,1733483907","0,0888252149",,"0,4153074028","0,6816326531",,"0,7440749235","0,2077858484","0,6025179856","0,3623188406",,"0,0006106870229",,,"0,5889207601",,"0,1631284916","0,1084718281",,"0,552668871","0,08890030832","0,1118624965","0,001972087379","0,1175607002","0,1679636835","0,3412870571","0,08993658318","0,3615281596","0,08829174664","0,1380158513","0,505740842","0,3018422296","0,2581513445","0,3896103896","0,7511870845","0,2511696725",,,"2,626216078","0,1325695581","0,07797270955","0,5700197239","0,05297266836","0,08629698298","0,05067300079","0,6479028698",,"0,08705193855","0,4083969466",0,"0,494057725",,"0,2659350243","0,716826696","0,2197445334","0,7503067485","0,5868421053","0,7360849057","0,5750644691","0,478208524","0,5052563271","0,347088255","0,2077858484","0,3333333333","0,2059385753","0,08441558442",0,,,,,"0,5013550136","0,354978355","0,4557610242","0,07929055816",,,"0,4078731547","0,4309892417","0,204620462","0,1272727273",0,"0,2757129854","0,075549119","0,1454888994",,"0,07419835943","0,71","0,3805607044",,"0,2059385753","0,8378638441",,"0,07053838485","0,4153036437","0,2708513959",,"0,5341819896",,"0,5256144997",,"0,3221881983","0,4759072888","0,2045693872","0,3404761905","0,2630336838","0,3079791201","0,009672830725",,"0,2875437627",,
gr_player42,"0,00006774379297","0,581185567",,"0,2217206585","0,06443914081",,"0,633763567",,"0,06611570248",,"0,6582345191","0,1114551084","0,08442804428","0,1568068425","0,1083656901","0,1474020561","0,08378718056",,"0,4227984344","0,6380368098",,"0,7259218492","0,2280115787","0,6163021869","0,4857142857",,"0,0002039151713",,,"0,6201705971",,"0,2048","0,1155974585",,"0,5272131148","0,1168736304","0,1223702665","0,0003725908614","0,1314253959","0,1750769231","0,3745271122","0,1029058504","0,3801455198","0,1010558069","0,1373752878","0,4613003096","0,3049180328","0,2672445729","0,3377192982","0,713884993","0,2443996891",,,"3,122390503","0,1422222222","0,1064718163","0,6271393643","0,04663394109","0,09509844994","0,03927813163","0,6695226438",,"0,1144024515","0,4064029364",0,"0,4156976744",,"0,2320367887","0,6835051546","0,2611823585","0,6825329367","0,667844523","0,7219379052","0,601767119","0,485505618","0,4827964861","0,3393103448","0,2280115787","0,3288888889","0,2068679496","0,1022364217",0,,,,,"0,5279583875","0,3130990415","0,3993673389","0,09084507042",,,"0,427244582","0,4608501119","0,2140206991","0,2307692308",0,"0,2785624767","0,07822878229","0,1678688525",,"0,06478754733","0,6782692773","0,4065789474",,"0,2068679496","0,8163155051",,"0,07708119219","0,4368592864","0,2560034771",,"0,5790800252",,"0,5356145251",,"0,3070297952","0,4517506405","0,2025475231","0,3613138686","0,2712607896","0,3121581826","0,003558718861",,"0,2722593927",,
gr_player43,"0,0000301398489","0,5413486005",,"0,2337690791","0,06459816887",,"0,5774082776",,"0,08241758242",,"0,7073219659","0,09439966059","0,06683438553","0,1950567602","0,08055976837","0,1382339146","0,1071335079",,"0,3828033262","0,6393162393",,"0,7287397018","0,2063290314","0,5377969762","0,4025157233",,0,,,"0,5493893437",,"0,1707431797","0,08321981816",,"0,539738806","0,09569303054","0,08003498797","0,001306060119","0,09623502324","0,1858105227","0,3341501838","0,07852137608","0,3491342461","0,1126857933","0,1593363594","0,4565125159","0,3152985075","0,2516311249","0,3320500481","0,6025574113","0,2438597102",,0,"2,477993117","0,1280148423","0,0759613863","0,6055603823","0,09337415264","0,07545811518","0,0560311284","0,5961080222",0,"0,09862751357","0,4175838239",0,"0,4932349323",,"0,2707345318","0,6787290892","0,2780093799","0,7020126509","0,6213235294","0,6945200508","0,5457990904","0,453368905","0,5022760336","0,338633674","0,2063290314","0,2889688249","0,1874689658","0,08602150538",0,,,,,"0,4753206374","0,3561037318","0,4086468002","0,04603756299",,,"0,4490878235","0,4115104298","0,1936394791","0,1501057082","0,00006398362019","0,2645475004","0,08131200456","0,1449626866",,"0,08718800579","0,7005379558","0,3567475707",,"0,1874689658","0,8491282051",,"0,06842188239","0,4105757544","0,2357251059",,"0,5368205128",,"0,5099460115",,"0,3090048214","0,4449546617","0,1940356448","0,3297560976","0,2588816806","0,2854587273","0,01502198339",,"0,2543865479",,
gr_player44,"0,00002657030503","0,4383886256",,"0,1712328767","0,0753828033",,"0,6319994293",,"0,1005291005",,"0,6726726727","0,1238095238","0,06343997812","0,1854185419","0,08446240393","0,1542336292","0,07525271434",,"0,4328285296","0,6708860759",,"0,7616224229","0,2131341868","0,5498783455","0,3473053892",,"0,0003450655625",,,"0,5223207794",,"0,1915367483","0,1005752292",,"0,5384980989","0,1243395562","0,1048513302","0,002338186842","0,09042935956","0,200068458","0,3235579254","0,07176253896","0,3528939531","0,1127295757","0,1614561028","0,4203174603","0,2775665399","0,2545332829","0,3789607098","0,6958836054","0,2558544109",,"0,6","2,728674409","0,1782752902","0,08256567724","0,4720149254","0,05602503912","0,08854361662","0,06154747948","0,5705076551",,"0,1101021566","0,3925120773",0,"0,4628632939",,"0,3056362196","0,7062471809","0,206393817","0,7434182132","0,6155378486","0,7300591504","0,5587584058","0,5097813579","0,5393644432","0,3365493117","0,2131341868","0,2598566308","0,1998596491","0,1412103746",0,,,,,"0,4068838353","0,3674351585","0,4339737725","0,05929380413",,0,"0,4558730159","0,3674680307","0,2048453678","0,1691542289",0,"0,2701668615","0,06220946131","0,1839353612",,"0,08153331305","0,7110743802","0,3183550474",,"0,1998596491","0,8763358779",,"0,07577092511","0,4148502192","0,2590539542",,"0,4327528714",,"0,5021642523",,"0,3261961101","0,4831553974","0,2079457125","0,2779456193","0,2621112267","0,2740492851","0,02622750839",,"0,2702899993",,
gr_player45,0,"0,5548469388",,"0,2182410423","0,09356725146",,"0,6536162582",,"0,06060606061",,"0,6506514658","0,09329446064","0,08511205977","0,1350169985","0,1117766087","0,1535022355","0,06810176125",,"0,43757503","0,6727272727",,"0,7214406303","0,1974030862","0,6466431095","0,4285714286",,0,,,"0,6272819473",,"0,1729323308","0,1257393627",,"0,5925110132","0,1153262519","0,09410205434","0,0001742261455","0,1420765027","0,1786853861","0,4257425743","0,1014900197","0,3882687234","0,1055900621","0,1367686943","0,5320699708","0,25","0,248163526","0,3033707865","0,7542372881","0,2398041384",,,"3,046178344","0,1453831041","0,1116838488","0,5947368421","0,06295559973","0,113111546","0,04456824513","0,6703910615",,"0,09189189189","0,4012528849",0,"0,4260869565",,"0,2431145869","0,7132661629","0,257362356","0,7080994387","0,6342182891","0,7112727273","0,6101100303","0,4923457902","0,4690815953","0,3426533847","0,1974030862","0,3882352941","0,1710182768","0,09923664122",0,,,,,"0,514354067","0,3358778626","0,4590792839","0,075",,,"0,3746355685","0,4648628335","0,1807745031","0,2298850575",0,"0,2673209826","0,06643543223","0,1574889868",,"0,08680947012","0,7087604846","0,4104180491",,"0,1710182768","0,8393736018",,"0,0864628821","0,4415464512","0,2698191933",,"0,5526315789",,"0,5629296042",,"0,3038634748","0,431407146","0,1997472753","0,3614457831","0,2577295256","0,3461104848","0,001278772379",,"0,2619876775",,
gr_player46,0,"0,5614303178",,"0,2417021277","0,07845303867",,"0,6513376717",,"0,09615384615",,"0,6554772966","0,1209378856","0,08988673789","0,1627878416","0,1095560427","0,1430614088","0,09885452463",,"0,4543299541","0,602006689",,"0,7150170648","0,2370594877","0,5984340045","0,3333333333",,0,,,"0,6137651822",,"0,1593695271","0,1153388149",,"0,5698418041","0,1380785687","0,1222815719","0,0003176085941","0,1368151716","0,169218107","0,4112837285","0,1052851998","0,4000629195","0,1064935065","0,1346491681","0,4380913204","0,2662403231","0,2872192448","0,4743276284","0,7161399549","0,2596140754",,,"3,209928481","0,1667577911","0,09687215305","0,6021642266","0,05112552461","0,08499427262","0,05135802469","0,6451116243",,"0,1242129365","0,4308674593",0,"0,4414893617",,"0,2507978028","0,73021546","0,2829624709","0,7620390893","0,6338028169","0,6973587674","0,6104976796","0,5244527247","0,4865963418","0,3698799237","0,2370594877","0,3734177215","0,2292211713","0,1125730994",0,,,,,"0,51393534","0,3026315789","0,4595818064","0,07665505226",,,"0,4409707939","0,4564431955","0,2336566186","0,1598360656",0,"0,3021578702","0,07406217367","0,1639178728",,"0,07336893429","0,7333250218","0,4036566965",,"0,2292211713","0,8200119296",,"0,07992536153","0,4601652494","0,2640266022",,"0,5551263001",,"0,55392714",,"0,3007716696","0,442968659","0,2161391974","0,3299180328","0,295311299","0,3238913397","0,003233455486",,"0,2558718622",,
gr_player47,0,"0,537414966",,"0,207977208","0,09848484848",,"0,6319561551",,"0,1301369863",,"0,561861521","0,1217201166","0,09169741697","0,1729943109","0,1201746082","0,2304436167","0,07729821995",,"0,4263367463","0,6985294118",,"0,7230225605","0,2272366331","0,6675824176","0,3493975904",,"0,0002671653754",,,"0,5999493927",,"0,1681415929","0,1450837923",,"0,5739875389","0,1062246279","0,1580742987","0,0005924672027","0,1229258381","0,1866992068","0,3795620438","0,09989504818","0,3743229395","0,07052186178","0,1430232558","0,416909621","0,2647975078","0,2758285052","0,4270462633","0,7433110368","0,2710854825",,,"2,966357309","0,1557719054","0,1070110701","0,5843293493","0,03790750569","0,1236283833","0,06459525756","0,6260504202",,"0,1282608696","0,4539139727",0,"0,4177545692",,"0,2747189722","0,7251308901","0,2471529701","0,7483234714","0,6","0,7131807928","0,5857066504","0,4964672113","0,4898710866","0,3720724702","0,2272366331","0,3388429752","0,2127614621","0,1084070796","0,0001896094046",,,,,"0,4836325238","0,3230088496","0,4866180049","0,05979643766",,,"0,4613702624","0,4435091657","0,2165867032","0,1121495327",0,"0,2941599661","0,08025830258","0,1612149533",,"0,07211231653","0,7193633952","0,3897107166",,"0,2127614621","0,8160561185",,"0,0930416447","0,4345437036","0,3246667547",,"0,5282352941",,"0,5281858558",,"0,3029267737","0,4620041754","0,2174978349","0,3109540636","0,2738807323","0,3225909381","0,005839416058",,"0,2732436103",,
gr_player48,"0,00004983926836","0,4782405241",,"0,2092105263","0,08948194662",,"0,6341166937",,"0,1360946746",,"0,5982087065","0,119895288","0,08147552287","0,1629366587","0,1130552272","0,1880277926","0,07729083665",,"0,4225447182","0,6302521008",,"0,7137049942","0,2263467268","0,6133144476","0,28",,0,,,"0,5783397471",,"0,1633605601","0,1272321429",,"0,5261083744","0,1383950024","0,1335058215","0,0004485534152","0,1350080171","0,1942130644","0,3755036261","0,101968338","0,3646280648","0,1036077706","0,152353819","0,4586387435","0,3187192118","0,2675532206","0,3503401361","0,7464788732","0,2576046621",,,"2,948473817","0,1491901108","0,1063414634","0,4940747493","0,04424320828","0,1098007968","0,05328467153","0,5934489403",,"0,1240575737","0,4012093726","0,0003095400235","0,4218455744",,"0,2580230148","0,7042461903","0,251014885","0,7225193108","0,6415816327","0,6988066826","0,5822917819","0,487463012","0,4740293134","0,3520658621","0,2263467268","0,3558718861","0,2113300493","0,1064301552","0,0004251442454",,,,,"0,4493273543","0,3192904656","0,4610661457","0,0779342723",,,"0,4214659686","0,4142819638","0,2166431594","0,1581632653","0,0001511715797","0,2848314187","0,07538496897","0,1551724138",,"0,07565401838","0,6957140317","0,3610570873",,"0,2113300493","0,8341797306",,"0,08778987222","0,4229533221","0,2980258792",,"0,4715189873",,"0,5302565758",,"0,2974826529","0,437930003","0,2111535044","0,3579676674","0,2755930754","0,3099222248","0,005023723137",,"0,2606373509",,
gr_player49,0,"0,5130778589",,"0,1970400778","0,05212355212",,"0,6041666667",,"0,07547169811",,"0,5987412587","0,1018664979","0,07674750357","0,1752213246","0,09745871481","0,2070097842","0,09106722603",,"0,3989138191","0,6358695652",,"0,7183020336","0,2209308004","0,5936473165","0,2389380531",,"0,0003685956506",,,"0,5774783446",,"0,1767881242","0,1076892608",,"0,5710111046","0,0842163971","0,1084620551","0,001079289797","0,1150650047","0,1872151899","0,3729461215","0,0896764717","0,3513689303","0,08476517755","0,1440427739","0,4501739956","0,2781998831","0,2610539674","0,3533123028","0,7310173697","0,2576118172",,0,"2,664868198","0,1309278351","0,09375874615","0,5753920386","0,05960376091","0,08809986698","0,05249228055","0,6565017261",,"0,09678800857","0,4037043863",0,"0,4452380952",,"0,2672050863","0,676931639","0,2345075855","0,6796317174","0,6233254531","0,7033532767","0,5634615385","0,4657933716","0,4872239391","0,3442388431","0,2209308004","0,2884955752","0,2063893358","0,1162227603",0,,,,,"0,4360298336","0,3377723971","0,4614993216","0,08193883439",,,"0,4479595065","0,4182480056","0,2128968847","0,1481481481",0,"0,2790192144","0,07032810271","0,1507890123",,"0,07893408701","0,6644992015","0,3669475401",,"0,2063893358","0,8382691202",,"0,0739392242","0,4087437637","0,3029994916",,"0,5039694208",,"0,5187739102",,"0,3052944788","0,449813134","0,2070303203","0,3040935673","0,2574803661","0,3112950439","0,009667571235",,"0,2659686415",,
new_player1,0,"0,5542168675",,"0,201754386","0,09246575342",,"0,55",,"0,1222222222",,"0,6941786284","0,118993135","0,09131560367","0,1952785975","0,09134315964","0,173857868","0,1884798909",,"0,33361678","0,5542857143",,"0,6842824601","0,199023199","0,661971831","0,3333333333",,0,,,"0,5430696946",,"0,1515151515","0,08678151666",,"0,4474474474","0,1063029163","0,06627155172","0,0003134960029","0,1023688663","0,2092216163","0,1395939086","0,09479305741","0,3132036084","0,1198156682","0,2248150256","0,4637681159","0,4204204204","0,2657629074","0,125","0,4514563107","0,2489201462",,,"3,061953353","0,1210691824","0,1015992474","0,57002457","0,1298491379","0,09679618269","0,09190031153","0,4145873321",,"0,1412371134","0,491126071","0,0001475579165","0,2197309417",,"0,228164794","0,6213808463","0,2475780409","0,5918220947","0,4720394737","0,6787022501","0,5310998736","0,3968976564","0,4142305571","0,3585063982","0,199023199","0,2577319588","0,1726637329","0,05571847507","0,0004289390906",,,,,"0,5284090909","0,3108504399","0,3436807095","0,02875924404",,,"0,417238749","0,4219653179","0,1800889707","0,2045454545",0,"0,2731072679","0,1061426218","0,1321321321",,"0,01811320755","0,6520595968","0,3402011283",,"0,1726637329","0,7775824176",,"0,09822712027","0,3792885518","0,2398415978",,"0,5507246377",,"0,4641814121",,"0,2580312661","0,392911239","0,1876176764","0,5017064846","0,2673688929","0,1652830189","0,001662971175",,"0,2373718887",,
new_player2,0,"0,5231788079",,"0,1842614736","0,1006289308",,"0,591026606",,"0,09034907598",,"0,5863423761","0,09123878603","0,08065017542","0,1848746082","0,1085192564","0,2117163412","0,06003494758",,"0,3841000447","0,6003649635",,"0,7257505434","0,2305922248","0,5532626882","0,2805280528",,0,,,"0,557661475",,"0,1653069987","0,1283096347",,"0,5621184919","0,0960755814","0,123626943","0,000670221756","0,1198355601","0,1929173693","0,3644204852","0,09355668312","0,3353539938","0,1074856046","0,1498119337","0,4243176179","0,2892280072","0,2749814481","0,3443609023","0,7266171329","0,2674682484",,"0,25","2,48101367","0,136686208","0,09432894923","0,5873493976","0,05471502591","0,1185721418","0,05270555165","0,5788050825",,"0,08758314856","0,4433020865",0,"0,4388407979",,"0,2753741784","0,649874299","0,220106108","0,6714790807","0,5762104005","0,7098487643","0,5446074474","0,4521556257","0,4978037477","0,3630008284","0,2305922248","0,2742805755","0,209917274","0,09932556714","0,00006603420572",,,,,"0,4403870162","0,3022685469","0,461083401","0,06980351603",,,"0,4844435961","0,3981928203","0,2193200444","0,144486692",0,"0,2905654146","0,06794866101","0,1486535009",,"0,08437544919","0,6280730072","0,3482816579",,"0,209917274","0,8430786475",,"0,08212595559","0,3923415337","0,3096512327",,"0,5113049096",,"0,505813657",,"0,314982916","0,4596350435","0,2173864345","0,3265116279","0,2736984838","0,3044415696","0,007307736921",,"0,2745377768",,
new_player3,"0,00004289697576","0,5171345995",,"0,1987908102","0,08829054477",,"0,6378986867",,"0,08169014085",,"0,7751271021","0,1275671406","0,06774145836","0,182926045","0,08987365801","0,08938047439","0,0742778542",,"0,4360799916","0,6315789474",,"0,7499813084","0,2297450672","0,5840336134","0,3402777778",,0,,,"0,5639006663",,"0,2020757021","0,1069161535",,"0,520904549","0,1140147116","0,1154482302","0,001587188103","0,09551818937","0,1993062717","0,3483574244","0,07619482149","0,3728428319","0,1012708499","0,1568897299","0,4470774092","0,286089929","0,2702376095","0,4192825112","0,7101638124","0,2624234173",,"0,6","3,059405941","0,1861431871","0,08557874763","0,5673659674","0,05689712206","0,09157005306","0,0606900801","0,6402321083",,"0,1241877256","0,4293591938",0,"0,4603930911",,"0,3274044323","0,6921521263","0,2399066057","0,7256914434","0,6185318893","0,7250558632","0,5800790203","0,512378902","0,5185587262","0,3603995588","0,2297450672","0,2906403941","0,2148731286","0,1316477768",0,,,,,"0,4640107131","0,379250218","0,478204922","0,05050952592",,,"0,4253554502","0,4154163645","0,2191294601","0,1188405797",0,"0,2887252449","0,07417541784","0,193005522",,"0,08161618878","0,6843672057","0,3604161626",,"0,2148731286","0,8605748606",,"0,07814291173","0,4376265995","0,2303641772",,"0,5072096648",,"0,5179581184",,"0,3116572423","0,4699326239","0,220871875","0,2752808989","0,2687252374","0,2882113684","0,01688917484",,"0,2632822973",,
new_player4,0,"0,425349087",,"0,2849023091","0,04577464789",,"0,5476687543",,"0,04587155963",,"0,5990396158","0,07679738562","0,08299133607","0,1810514983","0,06839981478","0,249691231","0,08335944845",,"0,3383006161","0,4347826087",,"0,6430745814","0,2151162791","0,6067961165","0,5263157895",,"0,0006768189509",,,"0,4944171505",,"0,1515151515","0,05931948208",,"0,5523306948","0,08683974933","0,04018311292","0,0005673612544","0,07245780156","0,1894308943","0,2110091743","0,07551622419","0,304912882","0,09036144578","0,1618942731","0,4836601307","0,3148636763","0,2618210681","0,2307692308","0,6421800948","0,2359328199",,,"2,377505568","0,1228070175","0,05985267035","0,4377990431","0,09104781282","0,06455656534","0,07772795217","0,3202357564",,"0,07482305359","0,4864609572","0,001756697409","0,3181818182",,"0,222075444","0,6742532006","0,3414218817","0,7049075844","0,5021551724","0,6383442266","0,5252798622","0,3954773869","0,4497072911","0,3805141225","0,2151162791","0,2586206897","0,1430320843","0,08510638298","0,00257473895",,,,,"0,4191729323","0,3446808511","0,4708571429","0,01467181467",,,"0,4395424837","0,3056322474","0,165721957","0,1574074074",0,"0,280689086","0,04901960784","0,1328056288",,"0,0236318408","0,679916318","0,2629453682",,"0,1430320843","0,8480519481",,"0,06284916201","0,3575914915","0,2825979177",,"0,4273684211",,"0,4992050874",,"0,2985338279","0,431262879","0,1826326487","0,4403292181","0,271261321","0,1884328358","0,001714285714",,"0,2774095815",,